{
    "test_loss": {
        "mean": 0.019255995769706345,
        "std": 0.0031360994621449155
    },
    "r2_scores": {
        "mean": 0.7214093740628913,
        "std": 0.029431640176051807
    }
}