{
    "accuracy": {
        "mean": 0.7,
        "std": 0.030722590239437957
    },
    "f1_score": {
        "mean": 0.654597203166958,
        "std": 0.03989363144724377
    }
}